,Sample1 PageRank on short path,Sample1 BetweennessCentrality on short path,Sample1 TotalDegree on short path,Sample1 InDegree on short path,Sample1 OutDegree on short path,Sample2 PageRank on short path,Sample2 BetweennessCentrality on short path,Sample2 TotalDegree on short path,Sample2 InDegree on short path,Sample2 OutDegree on short path,Sample3 PageRank on short path,Sample3 BetweennessCentrality on short path,Sample3 TotalDegree on short path,Sample3 InDegree on short path,Sample3 OutDegree on short path,Sample4 PageRank on short path,Sample4 BetweennessCentrality on short path,Sample4 TotalDegree on short path,Sample4 InDegree on short path,Sample4 OutDegree on short path,Sample5 PageRank on short path,Sample5 BetweennessCentrality on short path,Sample5 TotalDegree on short path,Sample5 InDegree on short path,Sample5 OutDegree on short path,Mean PageRank on short path,Mean BetweennessCentrality on short path,Mean TotalDegree on short path,Mean InDegree on short path,Mean OutDegree on short path
0,7.93499942717582,7.93499942717582,7.93499942717582,7.93499942717582,7.93499942717582,7.989963138818418,7.989963138818418,7.989963138818418,7.989963138818418,7.989963138818418,7.9901474132216554,7.9901474132216554,7.9901474132216554,7.9901474132216554,7.9901474132216554,7.978575118694918,7.978575118694918,7.978575118694918,7.978575118694918,7.978575118694918,8.07539052605641,8.07539052605641,8.07539052605641,8.07539052605641,8.07539052605641,7.993815124793445,7.993815124793445,7.993815124793445,7.993815124793445,7.993815124793445
1,7.950247248827646,7.981375612490385,7.950247248827646,7.950247248827646,7.981375612490385,7.99185715635383,8.019471861503861,7.99185715635383,7.99185715635383,8.001735036729395,7.996387167310266,8.016716006467133,7.9880429008021965,7.9880429008021965,7.995554023858726,8.04113939833542,8.04113939833542,8.04113939833542,8.04113939833542,7.9880957754359665,8.124060419187616,8.124060419187616,8.124060419187616,8.124060419187616,8.075264824032748,8.020738278002955,8.036552659596882,8.01906942470134,8.01906942470134,8.008405054509444
2,7.954887618313334,8.002737717961017,7.9981290406372665,7.955711393325436,7.986318686208049,7.995047728713443,8.052972891250727,7.993371214380483,7.993371214380483,8.018299364889597,7.9973458677767475,8.023484564240885,7.988963628429115,7.988963628429115,8.007918217328871,8.058701263364958,8.044686021838523,8.058701263364958,8.058701263364958,7.991177981207891,8.151611623899342,8.151611623899342,8.138364938100072,8.138364938100072,8.075723961697005,8.031518820413565,8.055098563838097,8.035506016982378,8.02702248752001,8.015887642266282
3,7.954887618313334,8.026098974622698,8.003845890152729,7.956658524170358,8.00179796107507,7.996576285283789,8.082633912742311,8.00821060940941,8.00821060940941,8.027774805400215,7.9973458677767475,8.023484564240885,8.010948222570043,8.010948222570043,8.013513870039334,8.075456125679208,8.073993588513286,8.059376966804257,8.059376966804257,7.996486189538973,8.166563501946726,8.179221656493675,8.154245914236869,8.154245914236869,8.09007216874538,8.03816587979996,8.07708653932257,8.047325520634661,8.037888047438187,8.025928998959794
4,7.9550712281803495,8.049673456510165,8.008961734618824,7.96123680628169,8.01201308961271,7.999086096769456,8.11094327637849,8.032534041975145,8.032534041975145,8.035191797131459,7.9973458677767475,8.04513871050688,8.019474649851752,8.019474649851752,8.021044532824039,8.076151972623112,8.09972766895327,8.069340283444635,8.062712645408988,8.013494842263581,8.16891227693747,8.181034210360009,8.172224777899295,8.172224777899295,8.111259209720084,8.039313488457427,8.097303464541763,8.06050709755793,8.049636584283373,8.038600694310373
5,7.960577003634134,8.072418766153056,8.01380206158785,7.964862313457711,8.02678640398634,8.012959591986183,8.135228686413463,8.045230595326494,8.044342200194759,8.064589708424664,7.998733419413415,8.06665834567986,8.041409344360408,8.041409344360408,8.024973996377023,8.079266189187484,8.113725143421489,8.073813049195788,8.07957912961742,8.015102338138226,8.170491847936203,8.200606375360346,8.192475028689978,8.192475028689978,8.114839494410035,8.044405610431484,8.117727463405643,8.073346015832103,8.064533603264056,8.049258388267258
6,7.963878400198324,8.089922777568193,8.014802233755695,7.968367073449019,8.035662123413024,8.011464326923925,8.158865907568474,8.054999877018657,8.044342200194759,8.07997208045381,7.998506195731039,8.089849633474179,8.04731015282119,8.050652388767729,8.027600230641687,8.082709633750468,8.132828617582893,8.090869310770598,8.091210221776873,8.027552491888713,8.170491847936203,8.222062019731702,8.22227251451199,8.214324965090395,8.118035094153495,8.045410080907992,8.138705791185089,8.086050817775627,8.073779369855757,8.057764404110145
7,7.963878400198324,8.108915009835698,8.018323446186624,7.968154545605942,8.036491049440334,8.025767835637671,8.180887354371116,8.067432880733323,8.05012706695786,8.100141312644967,7.998506195731039,8.113173326884711,8.056668698239417,8.056709902487452,8.051868489858931,8.084905058985818,8.13428398394906,8.10272923668109,8.099373912800505,8.028981963824956,8.172145315347565,8.24532000543785,8.244788800554955,8.227878861410774,8.12190016847056,8.049040561180083,8.156515936095687,8.097988612479082,8.080448857852506,8.067876596847949
8,7.965137536972251,8.115706829090092,8.022285565827916,7.984496793277412,8.04082981850461,8.025767835637671,8.182381254088192,8.09831988808536,8.061105417397494,8.105665787464972,8.004275468473336,8.134765920695873,8.0627689516503,8.071583764335717,8.057987144920778,8.097617842344768,8.1543243526421,8.110887305371854,8.10257451452733,8.030652019041913,8.171984349222887,8.262827726018354,8.257191254087676,8.257191254087676,8.117175547330815,8.052956606530184,8.170001216506924,8.11029059300462,8.095390348725127,8.070462063452618
9,7.968468671254763,8.115759241338242,8.022333709024542,7.993487146535926,8.041850632437654,8.027044744433674,8.204922335181303,8.116395171412783,8.083362010017602,8.103468694262538,8.008281028002799,8.147838832715847,8.07773532077297,8.079563846054334,8.064618995183912,8.098695416613072,8.164838988387835,8.11410725729783,8.106022620969332,8.02813127664633,8.188453550831612,8.282082982651799,8.257924850397211,8.264574200444558,8.131475199481033,8.058188682227183,8.183088476055007,8.117699261781066,8.10540196480435,8.073908959602292
10,7.9652062519756575,8.135217189502832,8.039474619261041,8.001720529035058,8.061935617031192,8.027044744433674,8.22856676884207,8.123421077110377,8.099569423108399,8.101428671023585,8.03063867487384,8.164561956018275,8.090751423149905,8.092652688727163,8.069324348711223,8.104793263795601,8.18666328482799,8.117639345641226,8.135521658733612,8.035653749610592,8.207056281346938,8.301632221294012,8.265359665802753,8.266905903215527,8.133592151810797,8.066947843285142,8.203328284097037,8.127329226193062,8.119274040563951,8.080386907637479
11,7.9652062519756575,8.150421611900997,8.048735974407693,8.01753379639541,8.068040670458819,8.044828789210548,8.243171008595036,8.134994072206336,8.12711460235505,8.10782131205304,8.042005216927977,8.165338393421885,8.098942095947148,8.100953222030643,8.08111562452757,8.104793263795601,8.208050153936629,8.14757889167056,8.142344260063165,8.036232804318674,8.21681845841674,8.320382149972092,8.287292125340977,8.264733720742063,8.133216959990149,8.074730396065304,8.217472663565328,8.143508631914543,8.130535920317268,8.08528547426965
12,7.970433556046124,8.150421611900997,8.057345626131013,8.022153914941063,8.07684463959219,8.044828789210548,8.243171008595036,8.158606564632624,8.12886353651393,8.10782131205304,8.05657219062578,8.171218345629256,8.121926557283329,8.107187818319883,8.089096415254405,8.104793263795601,8.227899582771743,8.161184570647062,8.153636468141412,8.036838890154474,8.237967623818507,8.342274150795705,8.290044549642301,8.272100449306462,8.144531633020847,8.082919084699311,8.226996939938548,8.157821573667267,8.13678843744455,8.09102657801499
13,7.966784346319679,8.168820093682415,8.073402229887803,8.014928092185194,8.076037112725764,8.044828789210548,8.262356162040776,8.158606564632624,8.151043478650383,8.109687440973687,8.069946729197737,8.189345279905037,8.148127047934082,8.112126874203245,8.099755334022449,8.116671716593247,8.246896667208663,8.177276124506758,8.16222809841812,8.039322900645276,8.244982165998081,8.364452002604564,8.287917050187534,8.2914521807919,8.151828868119333,8.088642749463858,8.246374041088291,8.16906580342976,8.146355744849767,8.0953263312973
14,7.970278910344216,8.186182889771564,8.084734245026498,8.01167118603261,8.081799563587303,8.067065526260555,8.2703066164238,8.164984457581776,8.158093759991111,8.125802133709563,8.079650007494129,8.206874884494548,8.156888112305285,8.117823657440436,8.107392342026905,8.12650307697317,8.266020107921552,8.181218721191806,8.168516185525547,8.038544469263261,8.25584314965719,8.371472489505933,8.320096931267768,8.294416054140925,8.169071264218113,8.099868134145852,8.26017139762348,8.181584493474627,8.150104168626125,8.10452195456103
15,7.970350676928284,8.20580248779497,8.101807528598627,8.021853266354649,8.082508750815327,8.087903226350383,8.279523409084694,8.193291892595862,8.158093759991111,8.125802133709563,8.090834072184418,8.218797180770585,8.171628197054996,8.12341908146025,8.117746139641154,8.156756299057564,8.271413665389268,8.202597117641398,8.17907143052479,8.044349211087507,8.256597514379619,8.373511629307481,8.327934625664343,8.298519469821317,8.176085480732986,8.112488357780055,8.2698096744694,8.199451872311045,8.156191401630423,8.109298343197308
16,7.984441214459392,8.225162297663593,8.123733960892077,8.032579008814311,8.090971915460393,8.094253668769054,8.294828278434391,8.210420760560117,8.16587135281318,8.131936076600654,8.095522482757332,8.230748508065961,8.177688255641854,8.135927703593618,8.12142231464544,8.165115209457623,8.289028293800945,8.209484887876243,8.187653310240597,8.056232677185886,8.257991854354339,8.394253559117919,8.348205902572136,8.30080487719757,8.183605685491576,8.119464885959548,8.28680418741656,8.213906753508486,8.164567250531857,8.11683373387679
17,8.00081865095505,8.226980614511556,8.128739644075694,8.03227029372474,8.09890146076297,8.10954643312869,8.295700533524485,8.229480453721466,8.17999098415018,8.146833654505999,8.117611994038317,8.245588030431444,8.198352340889363,8.159802796970107,8.121373249049293,8.165115209457623,8.306498548923916,8.215682536934917,8.187900565109526,8.060031066577736,8.260739883184803,8.394253559117919,8.348903599045405,8.30249837054542,8.185387761145726,8.130766434152896,8.293804257301865,8.224231714933369,8.172492602099997,8.122505438408345
18,8.005447692914641,8.24579371441533,8.139679442419094,8.03753930812224,8.121377367324863,8.122094940553675,8.312167775144612,8.247506007988438,8.19930861926875,8.149986626089067,8.117693482350516,8.260162720795407,8.211806689769679,8.166854575777112,8.148239506769697,8.169057141685126,8.309456662715197,8.22737870924559,8.195180807306478,8.061379689704772,8.26300611989652,8.406880376502537,8.368768969416372,8.304499644076365,8.190525007956937,8.135459875480095,8.306892249914616,8.239027963767835,8.180676590910188,8.134301639569067
19,8.022825815759784,8.26519945907118,8.150638913192608,8.05837880240157,8.124757340034428,8.129255298271689,8.322555311833318,8.260885372591439,8.202180185943872,8.155618488029987,8.118128998760795,8.26398545617343,8.223281014469325,8.176271829143873,8.147820639462225,8.190619440254913,8.327070694451079,8.236001614038779,8.196778305553917,8.0635175008783,8.26300611989652,8.424003242464273,8.383547347166477,8.305460332506053,8.191951333217048,8.144767134588742,8.320562832798656,8.250870852291726,8.187813891109856,8.136733060324397
20,8.022825815759784,8.266867321430574,8.177651222441483,8.069078491790622,8.14225661581858,8.141205845720949,8.339908189701163,8.275274091869818,8.226130707747439,8.156836274736824,8.122818106025507,8.279633029999358,8.229887914388614,8.179384843928519,8.150036103700867,8.199001751738674,8.331032032387146,8.243127021697887,8.218113748638938,8.062093164123299,8.263230668418718,8.444673274060712,8.386888471365156,8.326155878374172,8.19870140210595,8.149816437532726,8.33242276951579,8.26256574435259,8.203772734095939,8.141984712097104
21,8.015775499794916,8.272419563115154,8.170171378527842,8.082162567038008,8.149833510886575,8.152809362655617,8.350523034726965,8.290157852279416,8.235848271671816,8.163690086127,8.1234783419057,8.292314255441804,8.234981033472259,8.195293201169733,8.15301598984609,8.211442894289052,8.349694338946057,8.254260451684896,8.231065300928133,8.059800357740466,8.282586486660094,8.457987004241055,8.40912744908043,8.33162414615089,8.194614384903462,8.157218517061075,8.344587639294208,8.271739633008968,8.215198697391717,8.144190865900718
22,8.024209552951692,8.283712095081954,8.183458250786218,8.094640249716909,8.153035629877731,8.152809362655617,8.362907657690991,8.298789608457554,8.24051065054811,8.171926769131609,8.123964001054835,8.31160720973916,8.253650993705362,8.196860093520428,8.151232264629384,8.222949250227312,8.367533115354522,8.266401338302323,8.24760932276334,8.066041662792676,8.284542886586761,8.474067014108588,8.424288360409736,8.330347003953811,8.199657810329743,8.161695010695244,8.359965418395044,8.28531771033224,8.22199346410052,8.148378827352229
23,8.023349251614107,8.289557503480706,8.190666096272,8.095519827666015,8.155735000434142,8.160283065914989,8.385038147855827,8.301308825047231,8.258156047958028,8.177967310155573,8.123424851435368,8.329194448625982,8.26013438735717,8.20207337716948,8.152200600151522,8.225343622543376,8.371129324053816,8.286468049627283,8.25214433722585,8.068301419004168,8.308468352022839,8.498238136851304,8.429213781417038,8.346411410266189,8.21041097913728,8.168173828706136,8.374631512173528,8.293558227944144,8.230861000057113,8.152923061776537
24,8.021925693051058,8.304297204405923,8.186079409149245,8.09547627271197,8.160128841837366,8.165817266934669,8.399757447964143,8.335506037170987,8.262618780402764,8.183432029558821,8.123424851435368,8.34142466766859,8.272285714559615,8.214040090334793,8.1523642221292,8.22806210302446,8.384420876280755,8.30924558474303,8.26359774777872,8.084526972783335,8.313088239858947,8.498238136851304,8.431650226606239,8.350553270808943,8.21564451845776,8.170463630860901,8.385627666634145,8.306953394445824,8.237257232407439,8.159219316953296
25,8.022431053279554,8.316604878194756,8.192333848143193,8.096902093348666,8.17379540794253,8.195699881997106,8.41817211577238,8.34410363502619,8.26797446696499,8.182987721194333,8.124101129051006,8.35433229575886,8.290742671732819,8.22503978138038,8.158709215674518,8.22806210302446,8.396308746730002,8.318382133211939,8.276771642698062,8.08503174986067,8.315024723582951,8.518493349196344,8.433711152153753,8.35371321116013,8.21718954524284,8.177063778187016,8.40078227713047,8.31585468805358,8.244080239110446,8.163542727982978
26,8.025272711277523,8.330958357450823,8.193086550429763,8.109544291108865,8.198876582246113,8.221111696358815,8.438170962625223,8.369762597091086,8.26797446696499,8.182922665978056,8.128247748097138,8.366820387393195,8.307232232335155,8.228158133705092,8.165739432319743,8.228452206786155,8.402551940923605,8.34244436018496,8.281577789817936,8.091426390443093,8.329548355826748,8.532243325239284,8.436230268151585,8.35416591516768,8.232702902125295,8.186526543669277,8.414148994726428,8.329751201638508,8.248284119352913,8.17433359462246
27,8.024930356022928,8.333836363113189,8.204294755724883,8.116126426651054,8.208487896771954,8.22147925854511,8.43852877597865,8.369762597091086,8.285785127755286,8.195649450297628,8.132496010095387,8.383540258049548,8.335435412478452,8.228158133705092,8.171323344795223,8.23063453505612,8.416975422509815,8.355429817741639,8.301776809933013,8.098567986539203,8.331512315647151,8.534697531593848,8.461561127263652,8.357861946904695,8.242010135413182,8.188210495073339,8.421515670249011,8.345296742059942,8.257941688989828,8.183207762763438
28,8.02378927105837,8.34727628654278,8.220398869777522,8.141520931346033,8.209908811058837,8.221802054212992,8.45241219434759,8.37635625845415,8.286736269306124,8.208296604104547,8.132062611505324,8.398902711332532,8.342220076914119,8.23604937608055,8.178747514781943,8.230936385436634,8.432570343996343,8.354192986477843,8.30839936917471,8.120390617960467,8.336842075472767,8.558845318911892,8.46319453402475,8.392334439292906,8.24434653468224,8.189086479537218,8.438001371026226,8.351272545129676,8.273008077040064,8.192338016517606
29,8.049243800485684,8.359818722133946,8.235161804394888,8.15887476702836,8.210126047239758,8.221050737103623,8.454558242847895,8.381739495625439,8.294564963957825,8.204572121767097,8.140977555758049,8.408419214764534,8.356940232774653,8.238847459787698,8.181775080739909,8.229625456933379,8.446247439325662,8.362925731821798,8.314440888390722,8.120710764600485,8.338962931328643,8.580334240241843,8.470242871132998,8.397981747273265,8.250838887835519,8.195972096321876,8.449875571862776,8.361402027149953,8.280941965287573,8.193604580436554
30,8.053880981241464,8.369635751618969,8.253219006039677,8.173884809735114,8.227840903557535,8.245451035845756,8.472764743558328,8.384902804093079,8.297893030929744,8.210545072892483,8.151843446840394,8.409073624410134,8.35923255058575,8.248296764868849,8.203515429308254,8.235201668508694,8.446283946888617,8.371945982873484,8.316952563434334,8.126256799054007,8.352117909197512,8.584349921273919,8.475141936926875,8.405150945086445,8.258032159507687,8.207699008326763,8.456421597549992,8.368888456103772,8.288435622810898,8.205238072863994
31,8.064470014122376,8.373281983298229,8.267491140644648,8.174134017559448,8.228858549897812,8.261621257554959,8.493512265754458,8.400992851774017,8.298952222208738,8.21072483218851,8.15746503888506,8.409786966870234,8.363181181527317,8.260783140971101,8.207287030515907,8.232889786935745,8.44825442948934,8.386400939848876,8.347674190330212,8.130601868571702,8.361340048840049,8.596130879613822,8.492408362063065,8.408705181123127,8.258786494106072,8.215557229267638,8.464193305005217,8.382094895171585,8.298049750438524,8.207251755056001
32,8.064733188562244,8.389084038735955,8.275433634968474,8.178205996333247,8.234653382837772,8.271831861288746,8.5001589663229,8.40943933173376,8.313419041577779,8.217304862863243,8.158695315740868,8.414861505112755,8.365789450252485,8.272259230736053,8.212458025352097,8.23380131918105,8.449156751599507,8.413999763152779,8.350958607049705,8.133647917900964,8.36184838479121,8.602433146898262,8.51458013368833,8.412505807207243,8.266282761305293,8.218182013912823,8.471138881733875,8.395848462759165,8.305469736580807,8.212869390051875
33,8.070300522571657,8.408260134973576,8.286548897865984,8.191077509249721,8.238669618471832,8.281195358315887,8.510355713663095,8.430166293980157,8.317484711005449,8.220774898134561,8.162101274731883,8.414861505112755,8.364955808079047,8.290719921140116,8.228138431232091,8.237514693149052,8.452252813779888,8.436025845057609,8.366052166870046,8.133219004682683,8.364097681183878,8.62093985494706,8.53421994491095,8.412505807207243,8.273221014647246,8.223041905990472,8.481334004495274,8.410383357978748,8.315568023094517,8.218804593433683
34,8.070695178738395,8.415604847539763,8.315062069611322,8.191678993744667,8.24528308049078,8.275926604377807,8.524271852220274,8.427312304429,8.320449347967257,8.228723542397091,8.176381357205376,8.429345966960247,8.37340312927702,8.296822198759443,8.228531166951067,8.242064024355093,8.471187648215592,8.435616674314254,8.372368523479759,8.13362625703317,8.368298968186071,8.634177926734163,8.551756690061742,8.415708118957623,8.303459021289138,8.226673226572549,8.494917648334006,8.420630173538669,8.31940543658175,8.227924613632249
35,8.071261128985068,8.428632459884222,8.342221410227527,8.197071178882874,8.24528308049078,8.279708143517725,8.546300475232101,8.435027666459446,8.355585476658455,8.227681997428048,8.184141647632059,8.443254423048128,8.393480645482805,8.306517543976746,8.228445558529327,8.250445820419477,8.487773437802241,8.45165469650952,8.373065447856586,8.13426545145667,8.376394920872563,8.64354645171836,8.551289177240998,8.414423501078094,8.31761910843049,8.23239033228538,8.50990144953701,8.434734719184059,8.32933262969055,8.230659039267064
36,8.079638958787156,8.437897701520802,8.362676411487508,8.195211925941294,8.249291301645544,8.278200596410064,8.560384914121265,8.455016857012867,8.367113747452814,8.24545339583585,8.192738696353457,8.46277933889736,8.396540790735944,8.328111006203066,8.24335365236494,8.252052790784111,8.500753981834041,8.458351539188337,8.393084868508003,8.142514941899437,8.38280461857367,8.65528000592415,8.559285235021234,8.439242220672927,8.337153376100721,8.237087132181692,8.523419188459524,8.446374166689179,8.344552753755622,8.243553333569299
37,8.08403158998379,8.438707914891177,8.366589979582884,8.205318920635648,8.252567388865561,8.282912667053786,8.575662727380946,8.474455943083255,8.383122540064523,8.254524449849095,8.201517718044462,8.477463099113256,8.406500300972287,8.329094483900787,8.25577761369541,8.252052790784111,8.517204307018805,8.459112082173128,8.401832044931036,8.151870445047962,8.38657860060103,8.669344017347386,8.563458407581432,8.445676264927146,8.340306978965074,8.241418673293435,8.535676413150313,8.4540233426786,8.353008850891827,8.251009375284621
38,8.08403158998379,8.445696394288836,8.380265741064232,8.20924691825963,8.26150618369016,8.283885321731706,8.594156803371282,8.473787630393968,8.385488000512035,8.254524449849095,8.201517718044462,8.48807195682669,8.422610963125182,8.3378157845759,8.259972261044963,8.254489007713396,8.527895038900361,8.467493955771818,8.410391800276907,8.165860911931563,8.389282062920813,8.680470404822383,8.56773898614667,8.45231989539925,8.344958921592088,8.242641140078835,8.54725811964191,8.462379455300375,8.359052479804744,8.257364545621574
39,8.088787817204437,8.44498205275919,8.389000338780988,8.215353137047975,8.268501387927184,8.282992476943962,8.59998231382606,8.481860478930006,8.39078425191075,8.259060385806963,8.212017400424054,8.502453528146887,8.435409908981056,8.35054067846732,8.263954982865426,8.26715998686707,8.540333493290678,8.469978806075591,8.420188921490174,8.160818148034593,8.393496187227594,8.692561871640793,8.581305294213148,8.45231989539925,8.34817252958862,8.248890773733425,8.55606265193272,8.471510965396158,8.365837376863094,8.260101486844558
40,8.098880373815634,8.44962358708802,8.390969915611144,8.223855154909991,8.280069660471671,8.28870521359921,8.618343168791295,8.481860478930006,8.39078425191075,8.262163245248926,8.232608659267449,8.515094980603148,8.444105468725205,8.353793186673736,8.267676121337017,8.280311894899489,8.543029643460478,8.477221913984273,8.423192324783585,8.172721038073464,8.394244254494803,8.710482580425717,8.599479516108453,8.454691458278262,8.362862951719372,8.258950079215316,8.567314792073732,8.478727458671816,8.369263275311265,8.26909860337009
41,8.098880373815634,8.455744080003049,8.400803370158714,8.227340321207517,8.28383288111025,8.28870521359921,8.630731177013129,8.5005697907665,8.39277391334553,8.263897451771248,8.234226450103158,8.517755021280058,8.455603942767269,8.369182833095227,8.276401489717472,8.290693566454104,8.558528759295031,8.47989860105129,8.439736082853235,8.174733670680258,8.394244254494803,8.72869500513475,8.607013967774915,8.46246626763257,8.366357545740263,8.261349971693381,8.578290808545201,8.488777934503739,8.378299883626816,8.273044607803898
42,8.097958136045797,8.470972929145999,8.411124890989182,8.22745564310498,8.283729315603098,8.28870521359921,8.651122341622424,8.503087854931177,8.40997004352674,8.267025223025316,8.240170831355316,8.517755021280058,8.472054436971469,8.38090642886133,8.27781486375853,8.292221701239612,8.56735899890622,8.485386018734333,8.442411596155061,8.179436834327847,8.39715614371209,8.749212885005386,8.61986810013906,8.484628652225128,8.365232745406214,8.263242405190404,8.591284435192017,8.498304260353043,8.389074472774649,8.274647796424201
43,8.09965849121789,8.487482109217218,8.412117856472488,8.24137240827243,8.289269076373019,8.299278565057131,8.660419675855165,8.524335830829875,8.419573700267842,8.272836714960766,8.24208781218247,8.535235292795573,8.48578296675968,8.388232988226584,8.280733209880927,8.2948650793335,8.57903996329158,8.495597484276729,8.448427210045503,8.194908024526793,8.395184912067709,8.764355670076757,8.625438414206354,8.490400219092953,8.36871391120424,8.26621497197174,8.60530654224726,8.508654510509023,8.397601305181063,8.28129218738915
44,8.09965849121789,8.495238919299522,8.413947044024251,8.25052351419425,8.288423478109427,8.304495668249631,8.676451331296377,8.529047198491327,8.420384600337869,8.27864518538277,8.245457101825632,8.541709031195893,8.49540659379721,8.403536170351872,8.281969091515338,8.295011463609704,8.579103684605705,8.505756333015626,8.451269030440104,8.19874014403841,8.39604892476976,8.768138170998599,8.627373501608917,8.500713966053096,8.372669627461484,8.268134329934522,8.61212822747922,8.514306134187466,8.405285456275438,8.284089505301486
45,8.120379984357658,8.509788439892732,8.417917838817418,8.261071276947026,8.292799531837332,8.304236497085203,8.684513956363155,8.54436005348414,8.427947274733953,8.283886588896136,8.251629330486193,8.55842557351739,8.50971798427714,8.405587285995939,8.281969091515338,8.303075544747431,8.5934337182214,8.516772019249728,8.462727479824178,8.21925507368073,8.399647644111555,8.778234598058685,8.631079745812437,8.525144138797769,8.37161105721325,8.275793800157608,8.62487925721067,8.523969528328172,8.416495491259774,8.289904268628558
46,8.132552092248353,8.526712947658401,8.429948759390369,8.271646026204495,8.293646001689362,8.306288220563884,8.698716973517962,8.548769506573132,8.447456904632409,8.290282270308149,8.249896392063633,8.562741477894452,8.528430290039683,8.407301376482181,8.292092575412942,8.32431375407931,8.600411095369546,8.523247643187458,8.463325499751296,8.221322180320644,8.398727344169682,8.791999387438798,8.640646318759352,8.526964663293649,8.378509411556333,8.282355560624973,8.636116376375833,8.534208503589998,8.423338894072806,8.295170487857487
47,8.136398103600774,8.541345511964671,8.442189410958548,8.275893618935363,8.296912154115953,8.306288220563884,8.705350240208524,8.561472533717481,8.450179366155856,8.293580620396513,8.262015734390049,8.570461352528215,8.5431559030274,8.413854833505969,8.296572283365672,8.32416007232773,8.60668203835247,8.524218562326583,8.466475225600682,8.233250508735138,8.398727344169682,8.814515586946433,8.649714851936233,8.533096533499146,8.378889352798273,8.285517895010424,8.647670946000064,8.544150252393248,8.427899915539404,8.29984098388231
48,8.143113196894301,8.555822356015925,8.451444185326329,8.282568588942452,8.299852030711685,8.306288220563884,8.722114183894783,8.569123584043362,8.462240943328538,8.294301120479995,8.271593193953466,8.58489798631467,8.5431559030274,8.414523610604373,8.29773336009841,8.332041297769456,8.608794895579578,8.532713138205585,8.46865169497158,8.234603383056088,8.406084388995252,8.836763630437481,8.671866678184408,8.531990050540209,8.379699817706275,8.291824059635271,8.661678610448487,8.553660697757417,8.43199497767743,8.301237942410491
49,8.142380219409807,8.569417743026603,8.463189016339843,8.286060221844567,8.306833382369586,8.311490391747402,8.744868680034445,8.577211219590529,8.462878545067612,8.33053772707556,8.271593193953466,8.596465170598384,8.546972199522129,8.426413583167745,8.300750127911465,8.340467795521844,8.625280123324451,8.542013771311,8.474866499045868,8.240773685206944,8.408010684104097,8.851636485129601,8.694409765912447,8.552356179582524,8.39031300266127,8.294788456947323,8.677533640422698,8.564759194535188,8.440515005741663,8.313841585044965
50,8.154919768155175,8.573586759105696,8.475079054119185,8.287040060621878,8.307126490713587,8.315125415652064,8.76377115467277,8.581347377139677,8.482528986450248,8.333707160923016,8.280239706777422,8.6103540095314,8.559569175998565,8.45025461076351,8.304952829109848,8.344513983836169,8.637910241352836,8.541367132271843,8.481657123117358,8.24877653267908,8.410679436529207,8.86301319439044,8.709260196804944,8.559801468430004,8.395518805014671,8.301095662190008,8.689727071810628,8.573324587266843,8.452256449876598,8.318016363688042
51,8.164603200056195,8.586541226530247,8.481044125112065,8.293214305208643,8.316099084200232,8.317709025725913,8.781639993694542,8.59088111726958,8.48473284201791,8.338515166613105,8.289265611233454,8.624636378042073,8.572392740322815,8.472189419981378,8.315059746685714,8.346609596228879,8.642060095641092,8.544477023347076,8.488074124190327,8.255191731048793,8.411098493139288,8.866197123542053,8.714007743955554,8.57363227357251,8.396013478016961,8.305857185276746,8.700214963490001,8.580560550001419,8.462368592994153,8.324175841312961
52,8.164662682330224,8.600250635390896,8.494181065028705,8.299646534893698,8.312210871303254,8.322516386748724,8.783777527677927,8.611862864841257,8.489365969891923,8.343334331771512,8.289265611233454,8.635303290131162,8.577644731519053,8.476920509397145,8.320490652334247,8.34695625300124,8.652345942276922,8.559841012741705,8.48924154330627,8.25648518413411,8.412594559809285,8.866342427614034,8.72272793640311,8.578884635926121,8.399391256841831,8.307199098624585,8.707603964618189,8.593251522106765,8.466811838683032,8.32638245927699
53,8.164109254940717,8.59056661864108,8.502028959246179,8.305859203345204,8.32723468777542,8.322516386748724,8.800017101013188,8.630099876680745,8.493349573620225,8.356197868428433,8.288301099573307,8.649500751995102,8.586225107839804,8.482116474969802,8.324025239614167,8.34695625300124,8.66618661595379,8.563001915320779,8.503491986016657,8.262714776262701,8.420987862285296,8.872221108897852,8.725788853345342,8.582207898048102,8.399935714670235,8.308574171309857,8.715698439300201,8.60142894248657,8.473405027199998,8.334021657350192
54,8.166874188633203,8.600976078808737,8.502028959246179,8.313886624049129,8.334126226533543,8.338179068711913,8.811429460189084,8.634362793169174,8.495152753953276,8.357015189361222,8.2918891309545,8.653280878183095,8.594834052026933,8.497139015991321,8.326077989890704,8.34567041394079,8.677827547363659,8.57392189895978,8.507314908952436,8.258036923797587,8.442628895250731,8.874095733644992,8.74482316416207,8.595691688595597,8.396390096690464,8.317048339498228,8.723521939637914,8.609994173512828,8.481836998308353,8.334329285254706
55,8.167189306443035,8.61324851749372,8.506052497227774,8.326250652790822,8.342673969522396,8.338411977540462,8.81556677255098,8.634362793169174,8.511234239337513,8.367562964954736,8.298207553541278,8.655748521905926,8.608613759770886,8.510210759406219,8.328864739103462,8.348529777230656,8.698070844567194,8.590911853011521,8.513845784048314,8.258036923797587,8.442628895250731,8.889174920570705,8.748619223362079,8.607359826022924,8.391272312359801,8.31899350200123,8.734361915417704,8.617712025308286,8.493780252321159,8.337682181947596
56,8.167189306443035,8.624799074175458,8.524689416989698,8.3289234534777,8.343961889938676,8.341523310819836,8.830012706801146,8.634362793169174,8.508326290170555,8.375894773520272,8.302707151090225,8.656558683414616,8.610242974938938,8.515192614878746,8.329424036686486,8.348395842910714,8.71417587824895,8.600541603489338,8.519378212229066,8.262699893469051,8.442628895250731,8.891515791482897,8.7527005462561,8.60458281921291,8.394613932548816,8.320488901302909,8.743412426824614,8.62450746696865,8.495280677993794,8.34131890523266
57,8.170904504908197,8.641196781158339,8.54102253183601,8.342140734897049,8.354291304719606,8.342681842266648,8.830012706801146,8.64499348115359,8.517800661558825,8.37934606742419,8.304689728755148,8.672620250606306,8.625040714689046,8.52179156063656,8.333592801884118,8.352207180907705,8.72698630628756,8.615106863572331,8.521346666557791,8.262699893469051,8.442854047785882,8.89987151235795,8.769621164334156,8.609566967118033,8.397138664467168,8.322667460924716,8.754137511442261,8.639156951117027,8.502529318153652,8.345413746392826
58,8.16970182944946,8.656035092220252,8.553617954262684,8.342140734897049,8.355576361915313,8.34417834247476,8.837772041896741,8.66548992699472,8.518518332298598,8.385312504074628,8.304461205075686,8.688505361296407,8.636751243363186,8.517163358667949,8.33680586166701,8.351427786990088,8.744754010590018,8.627245221288414,8.52626763266544,8.273846592026336,8.445590598974333,8.899374167640257,8.780860654871372,8.628008111928123,8.404618833757452,8.323071952592866,8.765288134728735,8.652793000156075,8.506419634091433,8.351232030688148
59,8.181925875079791,8.661503994996236,8.554573925294699,8.34749587239717,8.361182332025635,8.363416330855904,8.853270772757673,8.669518403458683,8.52414909400047,8.39365762373066,8.331565668477786,8.706489318911167,8.64934238423227,8.520853969878594,8.345399037566278,8.352231586459395,8.76098354369285,8.636448437704688,8.519667680087165,8.282567935419094,8.455967550846756,8.899374167640257,8.789089232089168,8.627925667106489,8.413850365656188,8.337021402343927,8.776324359599636,8.659794476555902,8.508018456693978,8.35933145887957
60,8.18155037740108,8.675425841854773,8.561666952009965,8.339783488373556,8.36900864443589,8.374700422299016,8.868868217119024,8.670967815402715,8.526945412565851,8.406972574807062,8.336497287670777,8.707995532038225,8.653779747059762,8.52378767111492,8.346859248772612,8.350479064024324,8.771053754228582,8.639217618051088,8.523574576112404,8.284379360261363,8.455967550846756,8.90900741086573,8.79665238188193,8.639338787437802,8.40895140187754,8.339838940448391,8.786470151221266,8.66445690288109,8.510685987120906,8.363234246030892
61,8.184893275790703,8.676511593275984,8.577452365844621,8.344528188320476,8.371477620010005,8.374342018902835,8.879622471606577,8.68203584681247,8.539391605681947,8.405585379484156,8.33559029587219,8.72357861764051,8.663835820432386,8.527637280567681,8.343053262020849,8.350433008527698,8.786538866522417,8.651666910648657,8.535501868971547,8.295731725948372,8.48949277981034,8.917591305581912,8.808952016168066,8.647027848491163,8.412102022271513,8.346950275780753,8.79676857092548,8.67678859198124,8.518817358406562,8.365590001946979
62,8.188644549287778,8.68542100794937,8.581864419325946,8.348908847540502,8.378998263296124,8.380193542514272,8.897003259708773,8.687732730188035,8.540444970150054,8.408684595952321,8.342101069008805,8.72905842692156,8.667660902471457,8.528499250403296,8.35031255561253,8.351476618450107,8.794516461223642,8.667818377436094,8.542022536825465,8.296629241320613,8.497116239078865,8.922832001835022,8.808952016168066,8.665972178741107,8.410075734139943,8.351906403667964,8.805766231527674,8.682805689117918,8.525169556732084,8.368940078064306
63,8.188644549287778,8.702495780451985,8.58814839727221,8.359658356311712,8.386491620589512,8.383730252848679,8.908226163629346,8.702546449654148,8.547369561342043,8.411745114789964,8.342101069008805,8.740328497618755,8.680500361556208,8.533509578995515,8.360098568374758,8.352000335920899,8.796285232822814,8.679376336585445,8.555244061451804,8.300131916396214,8.499180190716258,8.940074554609708,8.82566695016118,8.669448153261744,8.414230803591856,8.353131279556484,8.817482045826521,8.695247699045836,8.533045942272562,8.374539604748461
64,8.189056740182602,8.703968019324279,8.591253472833364,8.364430825430501,8.388749682561713,8.383565330223725,8.93222698569622,8.712397684720733,8.555105570161327,8.414208214784475,8.342101069008805,8.75073951803051,8.692797375713758,8.548201366045959,8.361027652220153,8.352000335920899,8.81534000259995,8.683072929616708,8.557962200267086,8.308695750600641,8.516719601382661,8.943880420060362,8.83055083746328,8.67696904413255,8.420914668842961,8.356688615343739,8.829230989142264,8.702014460069567,8.540533801207484,8.378719193801988
65,8.186912741427602,8.708747488415959,8.603000351807019,8.36880890330311,8.392607471148217,8.383565330223725,8.951638844539147,8.714128987823171,8.558892369671833,8.413943857394276,8.345124044065892,8.763832678220423,8.695805323397817,8.553117026479628,8.362932012814635,8.356538628590004,8.832432620491069,8.69233965136637,8.56564837371412,8.317978950992204,8.512019747110166,8.945966946703438,8.834738307625008,8.68507623365005,8.423711973487466,8.356832098283478,8.840523715674006,8.708002524403877,8.546308581363748,8.38223485316736
66,8.19159793829654,8.72354393979237,8.61989885736073,8.381377186479186,8.388625440890616,8.387590831364518,8.961191034851382,8.71378877012837,8.563555220880422,8.422936375228774,8.347505688508006,8.766977830187777,8.703598244637783,8.551815741380366,8.363877201714718,8.359615831603254,8.849105627211438,8.710907639382679,8.57471499498611,8.323964758741484,8.510798775147894,8.957821544832962,8.838949684098349,8.694055043079674,8.422419211717433,8.359421812984042,8.851727995375185,8.717428639121582,8.55310363736115,8.384364597658605
67,8.19159793829654,8.73943997655225,8.6258673240164,8.383816626145364,8.389212653807789,8.405806694966467,8.971875885691402,8.72009196080739,8.56906317583937,8.424242643914498,8.37335135742887,8.780775626959917,8.708005077389844,8.561563004202144,8.36867376991676,8.361056388356793,8.86506535722004,8.718960987242925,8.583030247968932,8.32938213635566,8.511357973694219,8.969396352017041,8.85606323975009,8.702224248360421,8.434388062295405,8.368634070548577,8.86531063968813,8.72579771784133,8.559939460503248,8.389179853258023
68,8.192704258600518,8.746513052419527,8.643019474563415,8.381125166837935,8.399052423944553,8.446061564974846,8.98568411861819,8.73113339893224,8.574561585220955,8.426237185268434,8.386123728121959,8.795597826736559,8.721465243986756,8.562654187033749,8.379334059404927,8.363919474435741,8.882668658347159,8.730268343106145,8.58955316132184,8.33021705914702,8.50821038624725,8.973049174088452,8.864061074057854,8.7049088680216,8.432766286487531,8.379403882476062,8.876702566041978,8.737989506929281,8.562560593687214,8.393521402850492
69,8.203419021018261,8.759103274282486,8.64413418217566,8.39676814939084,8.407485056043043,8.444755356220734,9.00630841008108,8.737869864597975,8.573562969845275,8.427451824674229,8.38989379115317,8.793381522358672,8.733500235975376,8.57150915099862,8.37810580864965,8.373061526058887,8.884058305581537,8.742549974115253,8.603717664340275,8.33768623256454,8.506797824696097,8.975570824658034,8.873444901406382,8.7049088680216,8.439882212051842,8.383585503829428,8.883684467392362,8.74629983165413,8.570093360519321,8.398122226796662
70,8.217746670498759,8.770948502054488,8.648712501458737,8.403513061372536,8.415201318118344,8.45016709722393,9.016149106010857,8.755521732511228,8.570789284698442,8.438824827695582,8.412857967314032,8.809754516940146,8.75132476660861,8.583297373499622,8.386689322858738,8.381129177451946,8.884058305581537,8.752643699499298,8.610186052207522,8.345961392169356,8.509618464414409,8.98682740764157,8.873444901406382,8.71298814856975,8.452021687225074,8.394303875380615,8.89354756764572,8.756329520296852,8.576154784069574,8.407739709613418
71,8.22104127145376,8.776821108031339,8.660761269610035,8.409586468259361,8.421842594848968,8.450833118216847,9.032572968628806,8.762667946812705,8.576091427001233,8.438824827695582,8.422320848273294,8.809754516940146,8.759232218920527,8.588012448895467,8.394614811733543,8.384710860927445,8.894479589962321,8.766073698483527,8.619701312279455,8.348865428227207,8.511600184687657,8.989842783273142,8.875677528619443,8.71697828371719,8.455190320087512,8.3981012567118,8.90069419336715,8.764882532489247,8.58207398803054,8.411867596518562
72,8.22130103928954,8.785975118763602,8.670915055634513,8.408740129404316,8.422500550483504,8.45985801275279,9.044245131227221,8.775975209763715,8.577556714941885,8.443368159663278,8.42729450695369,8.81619569069173,8.773538393538495,8.600648020195967,8.396292236485806,8.391230434305912,8.901213795951803,8.772957032921596,8.618764084150335,8.35807321221261,8.513762295106705,8.995322680385886,8.871998445126035,8.722426779975928,8.458218701743082,8.402689257681725,8.90859048340405,8.773076827396872,8.585627145733685,8.415690572117654
73,8.22019448886939,8.797219954742403,8.673471621802719,8.410393695601119,8.43058324224946,8.47243100458619,9.063300635793965,8.786313738467072,8.587825447076929,8.446649709698473,8.426231774617376,8.824326910158938,8.775356039549369,8.611825091303919,8.403380093667977,8.385902156292332,8.90186307080972,8.78310935547298,8.626532366785487,8.365612744825748,8.515501996346766,9.006245815585391,8.888680844827054,8.74144732433916,8.458924225883301,8.404052284142411,8.918591277418082,8.781386320023838,8.595604785021322,8.421030003264992
74,8.221705368165056,8.808556184644477,8.684140708234365,8.410759176253016,8.443759837331969,8.477362355628925,9.080148362723598,8.79179523919964,8.58626572102661,8.452736806352071,8.427194031626039,8.828095066086332,8.781285483371407,8.611825091303919,8.406055599482999,8.385902156292332,8.90928982799151,8.800546720241355,8.626788024081861,8.372970235190932,8.514299219343972,9.006245815585391,8.899165292193295,8.745225876943712,8.469132548729762,8.405292626211263,8.92646705140626,8.791386688648013,8.596172777921824,8.428931005417546
75,8.221562855958089,8.822990211810012,8.684140708234365,8.418756641631768,8.457243064890626,8.485706371666593,9.08074865237151,8.793933574433899,8.589523240464322,8.451932440971854,8.427379868810887,8.839877873852735,8.800054029108182,8.614692931876641,8.408022998195161,8.38797980110862,8.915586193166265,8.80791971535303,8.626788024081861,8.371734246447764,8.527047446105929,9.014433429402771,8.905425918603555,8.74999672341001,8.470458153497834,8.409935268730024,8.934727272120657,8.798294789146606,8.599951512292922,8.431878180800647
76,8.221965024511281,8.83531347544642,8.688069854687951,8.418756641631768,8.461102823532839,8.488888345757465,9.084475791179468,8.809932792306672,8.600074815306746,8.462232175567557,8.4286100172348,8.845265855471947,8.809642643677332,8.62097110870847,8.409680128593434,8.391889153132405,8.929945358738035,8.813132037016643,8.6283339017478,8.371734246447764,8.528707880896947,9.01678484252537,8.908866891635988,8.75217668412962,8.47616023625849,8.412012084306578,8.942357064672247,8.805928843864917,8.604062630304881,8.436181922080019
77,8.225007597843337,8.849641304673884,8.697709213837477,8.420244324984282,8.467657099082,8.4933615293631,9.086453639891568,8.816657235837928,8.605140490381423,8.471877711382264,8.430155172934224,8.853591553035178,8.820804556710021,8.619921183461733,8.422379301127672,8.391889153132405,8.936081786547291,8.827122084343445,8.629672760471749,8.378010002561703,8.535922384520287,9.02304579389832,8.915546574918254,8.757930539418702,8.477345823058549,8.415267167558671,8.94976281560925,8.815567933129426,8.606581859743578,8.443453987442437
78,8.232019656351712,8.861854784402187,8.705729049047022,8.423517480694422,8.473489214335634,8.50356280869242,9.086453639891568,8.818604623628087,8.610548945158156,8.482815869634392,8.432415508883585,8.865024996512394,8.831292349621924,8.636105193889206,8.426529850908443,8.396671795039826,8.93711757327181,8.828440384724038,8.635079117143182,8.392622402453096,8.541863149430654,9.022860389187331,8.92493225909824,8.7572800939493,8.482899444466904,8.421306583679641,8.954662276653059,8.821799733223862,8.612506166166854,8.451671356359693
79,8.23545233493435,8.874872815889074,8.713807870898988,8.443186160913932,8.47515817034738,8.50356280869242,9.096194004507424,8.82092718656417,8.617299149414558,8.484569928943156,8.442168018837823,8.883695843666573,8.836440930776346,8.63208401060954,8.426359901170574,8.396671795039826,8.946100129672027,8.844430815345714,8.64413284793941,8.402529841200186,8.539170180447156,9.04009611527662,8.92251688560332,8.761268394881927,8.484786995699762,8.423405027590315,8.968191781802343,8.827624737837708,8.619594112751873,8.454680967472212
80,8.23955351605878,8.877903057023783,8.731138562251594,8.448581328037521,8.479317621747288,8.510108537548591,9.105738684103024,8.842052211767871,8.616771745102723,8.491451519643245,8.448728279754484,8.900444004455863,8.852988986830702,8.636071696856467,8.429486958101544,8.416269636811396,8.956562602615145,8.849449559893307,8.645114650169607,8.410698300619627,8.537660606429233,9.044108394307061,8.93205484819111,8.774312781444221,8.48862338991879,8.430464115320497,8.976951348500975,8.841536833786916,8.624170440322109,8.459915558006099
81,8.239836158881165,8.888555415493359,8.743610934374528,8.447838013111182,8.478327859891845,8.516865819172851,9.117005450345848,8.85784997477886,8.617331120799358,8.499081599303404,8.465471728157784,8.909790532358546,8.870884830455319,8.640859637276272,8.432999821708991,8.421573494407118,8.958827166918061,8.853720021947428,8.652145311731449,8.413123789539224,8.561548515234158,9.055874488164187,8.94627708890397,8.774312781444221,8.492290818611714,8.441059143170616,8.986010610655999,8.85446857009202,8.626497372872496,8.463164777811034
82,8.24347604995724,8.897934605454834,8.751650881652765,8.446696004911209,8.479765657301815,8.516865819172851,9.117005450345848,8.868524732445401,8.621143858730118,8.500763433051986,8.480217992451541,8.919614064859196,8.885425795569125,8.648922062484031,8.443374639314325,8.426929103568044,8.972221186480754,8.861459382087627,8.659053239698402,8.438447413544047,8.573371779975322,9.062113025650076,8.956891397193411,8.781878100141409,8.500015249912257,8.448172149024998,8.993777666558142,8.864790437789667,8.631538653193033,8.472473278624886
83,8.252382462606997,8.91411338579422,8.751918781135632,8.45731447089447,8.481258777491444,8.521412058848925,9.124438231700452,8.883764571538217,8.63073996265704,8.506825378149259,8.479628087370592,8.930594686373441,8.891780315140442,8.683939547431178,8.447271976484618,8.434548778610766,8.974683783305045,8.870295264704003,8.675549288269773,8.438577399593033,8.591660259196976,9.062113025650076,8.968322851696016,8.786468159708226,8.509463659628427,8.455926329326852,9.001188622564648,8.873216356842864,8.646802285792138,8.476679438269354
84,8.25735421868468,8.928191748496612,8.760359121213957,8.45456080099658,8.488738758005876,8.522265172385609,9.140278675556033,8.893235742127194,8.637776345584657,8.509553966431696,8.48010263200224,8.93541148097625,8.900303676718341,8.68810090664109,8.472201187467755,8.43535284240335,8.976964171079292,8.868115095195632,8.686691403107297,8.441518562913902,8.592090119584222,9.06782520899111,8.979182224074444,8.788655992483129,8.510593485064785,8.45743299701202,9.00973425701986,8.880239171865913,8.65115708976255,8.484521191976805
85,8.262440684810985,8.93914227561752,8.769255027026164,8.456059114897448,8.495727169904756,8.522931759581295,9.149242658907088,8.897616608471099,8.661332218935906,8.512544261697707,8.48010263200224,8.935539119351404,8.903317129513077,8.695357635932442,8.477955175057179,8.43564790360775,8.982369933621165,8.881261518459484,8.69150938199978,8.441518562913902,8.592516027776451,9.07184916068938,8.98269810462424,8.798652073542943,8.51213517178068,8.458727801555744,9.01562862963731,8.886829677618813,8.660582085061701,8.487976068270843
86,8.262440684810985,8.942647478413978,8.77664507903298,8.465154920688079,8.498835936410122,8.522785153777496,9.154479180811254,8.91311116415761,8.665346121641166,8.515752465113284,8.4820994078636,8.9393433630675,8.908679179400043,8.700833995013298,8.481973782870265,8.43564790360775,8.988456801400623,8.89224062347017,8.693633164231906,8.446657770808669,8.596500492773306,9.087540759957605,8.995620879447493,8.807134995294557,8.510476618500915,8.459894728566628,9.022493516730192,8.897259385101659,8.6664206393738,8.490739314740651
87,8.262440684810985,8.944445063576367,8.784628932980922,8.461040044985896,8.49785866689554,8.524880953694566,9.163068610870639,8.915487081294101,8.66945216104302,8.525212000613195,8.497286139272369,8.950987516175687,8.918015977923792,8.70760752214588,8.487522512650944,8.43564790360775,9.003158774893205,8.894473865168036,8.70608275268474,8.44889913603846,8.596488349272645,9.093267864715113,9.001982629889092,8.815748162606658,8.511648848718526,8.463348806131664,9.030985566046203,8.90291769745119,8.671986128693238,8.494228232983332
88,8.262440684810985,8.95323121011649,8.793900845444167,8.462389907971994,8.502780904895708,8.545263251925306,9.179829290029963,8.92791976975716,8.674130261370303,8.533231951779662,8.49797717118828,8.95297902702426,8.926558325397847,8.713212232352138,8.49722818498218,8.434624514458351,9.017719167762342,8.90836335165477,8.711476083126096,8.451303663420198,8.598619108610153,9.092906050686867,9.014909525822906,8.832530957121659,8.5142882518919,8.467784946198615,9.039332949123985,8.91433036361537,8.678747888388438,8.49976659139393
89,8.269306046370085,8.961947854279352,8.807025799833813,8.523575566848356,8.510374785972477,8.544539134858248,9.193735995462731,8.929188950655206,8.674130261370303,8.553465493382962,8.511516191614309,8.960688142245795,8.938998071905917,8.718898211203872,8.501438658872688,8.44178243796811,9.019938182855974,8.917078690997634,8.715659400989644,8.44819941522408,8.598619108610153,9.102493081325498,9.010620138742905,8.842606653175523,8.518411129010207,8.47315258388418,9.047760651233869,8.920582330427095,8.69497401871754,8.506377896492484
90,8.273374927416755,8.975112293968921,8.812432450830084,8.519960501134863,8.522523882374482,8.553369856902568,9.191658528734521,8.929188950655206,8.688192985858652,8.568407046374894,8.513551330522738,8.969444104492004,8.947106908637888,8.723228961370955,8.50400090996701,8.454390977384184,9.034911449416805,8.919278521027602,8.716265450179865,8.449343981564004,8.602503430158231,9.103605424143717,9.022621374520602,8.845048114675588,8.532148892441196,8.479438104476895,9.054946360151193,8.926125641134277,8.698539202643985,8.515284942544318
91,8.278877372965194,8.964649902750764,8.813722298716064,8.519597664550453,8.528383015672704,8.557242054937907,9.197232703506998,8.930278232664099,8.68517088827536,8.573078325916384,8.517716717321216,8.97069460319095,8.952508387387947,8.727194404935542,8.502933409157844,8.460084851564599,9.043800691347622,8.927506692423005,8.725470204939,8.451153405819039,8.603359988842461,9.10639514644792,9.023007071278391,8.858602643024053,8.539535902508275,8.483456197126275,9.056554609448849,8.929404536493902,8.703207161144883,8.519016811814849
92,8.283608584668013,8.981527664793553,8.823488824953374,8.520380289275753,8.538292675680951,8.564015376417752,9.203097685803257,8.938979145037289,8.688505211302168,8.578153031140342,8.516273063296437,8.97069460319095,8.959296576371113,8.73334537193065,8.506640755719092,8.456664433072927,9.049341191775062,8.92970294903095,8.730824761125053,8.452257791725213,8.603491106209226,9.113588928407616,9.031167717861612,8.868704247173717,8.5524226887722,8.48481051273287,9.063650014794089,8.936527042650868,8.708351976161468,8.525553388607559
93,8.285401778011304,8.997037761352852,8.827544747709352,8.525184376934757,8.538570452022794,8.57207633189452,9.215057663619689,8.950260870005945,8.693699634094342,8.577230289953011,8.518217758604992,8.986596415444962,8.959960490078368,8.737211752976435,8.51894315849804,8.473537727547528,9.057874699475159,8.936160837863994,8.74089876876406,8.452257791725213,8.618515467975726,9.110287055768296,9.037533393350573,8.883004589066362,8.5523722902493,8.493549812806815,9.07337071913219,8.942292067801645,8.715999824367191,8.527874796489671
94,8.28612649276646,9.004141484619904,8.839080782356689,8.529679024601922,8.5397504757555,8.575958778565221,9.220161759511706,8.970559381191949,8.701845089327039,8.576094264535078,8.526014323694513,8.995762417853431,8.967257648729586,8.743966023552524,8.526979950837303,8.480941453879938,9.07160085295256,8.94605813479723,8.740937994537626,8.45915962548527,8.619134542505684,9.120298399110798,9.037786765375385,8.89229844823462,8.551754774156608,8.497635118282362,9.08239298280968,8.952148542490168,8.721745316050747,8.530747818153952
95,8.28612649276646,9.021689713784355,8.850299622472411,8.531610704702342,8.540133873819528,8.609852818887923,9.228318530768496,8.97705689759861,8.720863111130958,8.578022724944516,8.527864118568983,9.011008284735722,8.971954424994085,8.749050030513068,8.526466952395756,8.481764597432644,9.086744183221363,8.968455337982014,8.741599791020404,8.468005366572166,8.622568330020705,9.126841459088343,9.050181054580401,8.896420369163849,8.553842973251768,8.505635271535343,9.094920434319656,8.963589467525505,8.727908801306125,8.533294378196747
96,8.28883011113967,9.021689713784355,8.853791347568405,8.531610704702342,8.543961657244836,8.609297375883475,9.22970493244293,8.984711741729438,8.736627354175539,8.58015531828491,8.528086508720238,9.016540088296132,8.976907505016392,8.75471219941266,8.526890189935528,8.487676649258479,9.094393495059258,8.973755597450088,8.740964646842,8.472183041732624,8.623905216714821,9.141266943344654,9.053446935768036,8.901620888479943,8.567842140313536,8.507559172343335,9.100719034585465,8.968522625506472,8.733107158722499,8.538206469502287
97,8.309726376579327,9.032667750239225,8.86569435041735,8.546372131247194,8.547865934219185,8.618849547965072,9.250698369404205,9.002196889042649,8.74366484881155,8.582225420745585,8.528086508720238,9.019440715489333,8.982362388633677,8.780883154401169,8.526355917022707,8.487031284395055,9.109021150175602,8.976676924431997,8.742185125883848,8.471877461324908,8.622830812667091,9.150155474733024,9.062115039592722,8.912102138468338,8.575428749994227,8.513304906065354,9.112396692008279,8.977809118423679,8.74504147976242,8.540750696661323
98,8.31785295457633,9.036972694307119,8.876603516612736,8.55485716744106,8.55177105900929,8.622154152685019,9.260861538019453,9.007601895265507,8.77938659957144,8.582225420745585,8.534844230593077,9.028805441572866,8.9895455974755,8.782343694472653,8.530582469677844,8.487031284395055,9.125691087436055,8.999137250578377,8.746879049789092,8.474114715924303,8.63397399692127,9.15721316235798,9.071464103893904,8.939708722526715,8.575428749994227,8.519171323834149,9.121908784738693,8.988870472765203,8.760635046760193,8.542824483070252
99,8.323814437614967,9.044306465376701,8.881728288153436,8.560472487780826,8.554080324884007,8.62184376316962,9.279362003750473,9.0185957925527,8.780795813144636,8.579943324912874,8.539618020567703,9.028545925927654,8.98913596265035,8.786773085961824,8.533059451222686,8.489689712153691,9.126499274408559,9.009406144303012,8.752282245066823,8.475917307150896,8.63397399692127,9.1631255535367,9.082340653521067,8.939708722526715,8.579192404602276,8.52178798608545,9.128367844600017,8.996241368236113,8.764006470896167,8.544438562554546
100,8.332147031705903,9.047424988510377,8.889418495526382,8.560472487780826,8.564888473622219,8.63216002323567,9.292116589781704,9.031188438818026,8.793133529303953,8.587578529821952,8.542590867719253,9.041777973612517,9.004181605144836,8.786773085961824,8.535746794592692,8.496414454255536,9.142213577429962,9.018740958175101,8.7544913732043,8.484909461994189,8.636062612836154,9.182204896143432,9.08696878949614,8.943005162257835,8.584012851368447,8.527874997950503,9.141147605095599,9.006099657432097,8.767575127701747,8.5514272222799
